online,,,,,,,,,,,,,,,,,,,,,,,,,,,,,,,,,,,,,,,,,,,,,,,,,,,,,,,,,,,,,,,,,,,,,,,,,,,,,,,,,,,,,,,,,,,,,,,,,,,,,,,,,,,,,,,,,,,,,,,,,,,,,,,,,,,,,,,,,,,,,,,,,,,,,,,,,,,,,,,,,,,,,,,,,,,,,,,,
NY Times,,2006 April,2006 May,2006 June,2006 July,2006 August,2006 September,2006 October,2006 November,2006 December,2007 January,2007 February,2007 March,2007 April,2007 May,2007 June,2007 July,2007 August,2007 September,2007 October,2007 November,2007 December,2008 January,2008 February,2008 March,2008 April,2008 May,2008 June,2008 July,2008 August,2008 September,2008 October,2008 November,2008 December,2009 January,2009 February,2009 March,2009 April,2009 May,2009 June,2009 July,2009 August,2009 September,2009 October,2009 November,2009 December,2010 January,2010 February,2010 March,2010 April,2010 May,2010 June,2010 July,2010 August,2010 September,2010 October,2010 November,2010 December,2011 January,2011 February,2011 March,2011 April,2011 May,2011 June,2011 July,2011 August,2011 September,2011 October,2011 November,2011 December,2011 April,2011 May,2011 June,2011 July,2011 August,2011 September,2011 October,2011 November,2011 December,2012 January,2012 February,2012 March,2012 April,2012 May,2012 June,2012 July,2012 August,2012 September,2012 October,2012 November,2012 December,2013 January,2013 February,2013 March,2013 April,2013 May,2013 June,2013 July,2013 August,2013 September,2013 October,2013 November,2013 December,2014 January,2014 February,2014 March,2014 April,2014 May,2014 June,2014 July,2014 August,2014 September,2014 October,2014 November,2014 December,2015 January,2015 February,2015 March,2015 April,2015 May,2015 June,2015 July,2015 August,2015 September,2015 October,2015 November,2015 December,2016 January,2016 February,2016 March,2016 April,2016 May,2016 June,2016 July,2016 August,2016 September,2016 October,2016 November,2016 December,2017 January,2017 February,2017 March,2017 April,2017 May,2017 June,2017 July,2017 August,2017 September,2017 October,2017 November,2017 December,2018 January,2018 February,2018 March,2018 April,2018 May,2018 June,2018 July,2018 August,2018 September,2018 October,2018 November,2018 December,2019 January,2019 February,2019 March,2019 April,2019 May,2019 June,,,,,,,
"Articles containing ""Illegal Immigrant""",,,,,,,,,,,,,,,,,,,,,,,,,,,,,,,,,,,,,,,,,,,,,,,,,,,,,,,,,,,,,,,,,,,,,,,3,10,6,3,7,8,8,6,9,7,5,3,9,7,8,2,6,6,2,2,0,2,5,3,3,3,2,1,1,3,2,2,0,1,1,2,1,3,2,1,1,1,1,7,1,2,2,2,2,7,3,7,11,16,1,7,4,19,3,2,1,2,1,3,1,2,1,2,5,16,22,22,6,9,10,5,12,14,3,3,16,12,12,4,11,5,31,15,16,7,16,4,7,18,14,10,7,9,10,,,,,,,
"Articles containing ""Undocumented Immigrant""",,,,,,,,,,,,,,,,,,,,,,,,,,,,,,,,,,,,,,,,,,,,,,,,,,,,,,,,,,,,,,,,,,,,,,,0,0,1,1,0,0,0,0,0,0,0,0,0,0,0,0,0,0,0,0,0,0,0,0,0,1,1,0,0,0,0,0,0,3,1,1,1,2,2,1,0,1,2,2,0,0,0,2,1,4,3,0,2,2,0,4,2,0,0,3,0,0,4,6,2,1,1,1,1,6,14,14,4,5,4,6,3,4,3,4,5,3,5,5,2,3,7,3,6,4,6,5,7,9,7,5,4,5,5,,,,,,,
"articles containing ""immigra* ",,,,,,,,,,,,,,,,,,,,,,,,,,,,,,,,,,,,,,,,,,,,,,,,,,,,,,,,,,,,,,,,,,,,,,,92,231,190,203,192,,,,,,,,,,,,,,,,,,,,,,,,,,,,,,,,,,,,,,,,,,,,,,,,,,,,,,,,,,,,,,,,,,,,,,,,,,,,,,,,,,,,,,,,,,,,,,,,,,,,,
percentage of articles with immigra* that contain illegal immigrant,,,,,,,,,,,,,,,,,,,,,,,,,,,,,,,,,,,,,,,,,,,,,,,,,,,,,,,,,,,,,,,,,,,,,,,,,,,,,,,,,,,,,,,,,,,,,,,,,,,,,,,,,,,,,,,,,,,,,,,,,,,,,,,,,,,,,,,,,,,,,,,,,,,,,,,,,,,,,,,,,,,,,,,,,,,,,,,,
percentage of articles with immigra* that contain undocumented immigrant,,,,,,,,,,,,,,,,,,,,,,,,,,,,,,,,,,,,,,,,,,,,,,,,,,,,,,,,,,,,,,,,,,,,,,,,,,,,,,,,,,,,,,,,,,,,,,,,,,,,,,,,,,,,,,,,,,,,,,,,,,,,,,,,,,,,,,,,,,,,,,,,,,,,,,,,,,,,,,,,,,,,,,,,,,,,,,,,
LA Times,,2006 April,2006 May,2006 June,2006 July,2006 August,2006 September,2006 October,2006 November,2006 December,2007 January,2007 February,2007 March,2007 April,2007 May,2007 June,2007 July,2007 August,2007 September,2007 October,2007 November,2007 December,2008 January,2008 February,2008 March,2008 April,2008 May,2008 June,2008 July,2008 August,2008 September,2008 October,2008 November,2008 December,2009 January,2009 February,2009 March,2009 April,2009 May,2009 June,2009 July,2009 August,2009 September,2009 October,2009 November,2009 December,2010 January,2010 February,2010 March,2010 April,2010 May,2010 June,2010 July,2010 August,2010 September,2010 October,2010 November,2010 December,2011 January,2011 February,2011 March,2011 April,2011 May,2011 June,2011 July,2011 August,2011 September,2011 October,2011 November,2011 December,2011 April,2011 May,2011 June,2011 July,2011 August,2011 September,2011 October,2011 November,2011 December,2012 January,2012 February,2012 March,2012 April,2012 May,2012 June,2012 July,2012 August,2012 September,2012 October,2012 November,2012 December,2013 January,2013 February,2013 March,2013 April,2013 May,2013 June,2013 July,2013 August,2013 September,2013 October,2013 November,2013 December,2014 January,2014 February,2014 March,2014 April,2014 May,2014 June,2014 July,2014 August,2014 September,2014 October,2014 November,2014 December,2015 January,2015 February,2015 March,2015 April,2015 May,2015 June,2015 July,2015 August,2015 September,2015 October,2015 November,2015 December,2016 January,2016 February,2016 March,2016 April,2016 May,2016 June,2016 July,2016 August,2016 September,2016 October,2016 November,2016 December,2017 January,2017 February,2017 March,2017 April,2017 May,2017 June,2017 July,2017 August,2017 September,2017 October,2017 November,2017 December,2018 January,2018 February,2018 March,2018 April,2018 May,2018 June,2018 July,2018 August,2018 September,2018 October,2018 November,2018 December,2019 January,2019 February,2019 March,2019 April,2019 May,2019 June,,,,,,,
"""Illegal Immigrant""",,,,,,,,,,,,,,,,,,,,,,,,,,,,,,,,,,,,,,,,,,,,,,,,,,,,,,,,,,,,,,,,,,,,,,,3,7,9,3,3,5,6,1,8,2,4,4,4,6,8,2,4,7,7,5,3,3,3,1,3,0,0,1,0,0,1,1,0,0,0,0,0,1,0,1,1,1,0,0,1,4,0,0,0,0,0,4,2,1,0,1,0,0,1,1,0,1,1,0,0,0,0,1,3,2,0,0,0,0,2,0,0,0,0,0,2,0,0,0,1,0,1,0,0,0,0,1,0,0,0,0,0,0,0,,,,,,,
"""Undocumented Immigrant""",,,,,,,,,,,,,,,,,,,,,,,,,,,,,,,,,,,,,,,,,,,,,,,,,,,,,,,,,,,,,,,,,,,,,,,2,0,0,0,0,2,0,0,2,0,0,0,1,2,4,0,1,2,1,0,0,1,2,0,4,0,0,1,0,1,0,0,0,1,0,1,1,0,0,2,1,0,0,0,0,1,0,0,0,1,0,1,0,1,2,2,0,0,0,0,1,0,0,0,1,0,0,3,0,1,2,0,0,0,2,0,0,0,0,0,0,1,0,0,0,0,0,0,1,0,0,0,0,0,0,0,0,0,0,,,,,,,
"articles containing ""immigra* ",,,,,,,,,,,,,,,,,,,,,,,,,,,,,,,,,,,,,,,,,,,,,,,,,,,,,,,,,,,,,,,,,,,,,,,92,231,190,203,192,,,,,,,,,,,,,,,,,,,,,,,,,,,,,,,,,,,,,,,,,,,,,,,,,,,,,,,,,,,,,,,,,,,,,,,,,,,,,,,,,,,,,,,,,,,,,,,,,,,,,
percentage of articles with immigra* that contain illegal immigrant,,,,,,,,,,,,,,,,,,,,,,,,,,,,,,,,,,,,,,,,,,,,,,,,,,,,,,,,,,,,,,,,,,,,,,,,,,,,,,,,,,,,,,,,,,,,,,,,,,,,,,,,,,,,,,,,,,,,,,,,,,,,,,,,,,,,,,,,,,,,,,,,,,,,,,,,,,,,,,,,,,,,,,,,,,,,,,,,
percentage of articles with immigra* that contain undocumented immigrant,,,,,,,,,,,,,,,,,,,,,,,,,,,,,,,,,,,,,,,,,,,,,,,,,,,,,,,,,,,,,,,,,,,,,,,,,,,,,,,,,,,,,,,,,,,,,,,,,,,,,,,,,,,,,,,,,,,,,,,,,,,,,,,,,,,,,,,,,,,,,,,,,,,,,,,,,,,,,,,,,,,,,,,,,,,,,,,,
,,,,,,,,,,,,,,,,,,,,,,,,,,,,,,,,,,,,,,,,,,,,,,,,,,,,,,,,,,,,,,,,,,,,,,,,,,,,,,,,,,,,,,,,,,,,,,,,,,,,,,,,,,,,,,,,,,,,,,,,,,,,,,,,,,,,,,,,,,,,,,,,,,,,,,,,,,,,,,,,,,,,,,,,,,,,,,,,
WSJ,,2006 April,2006 May,2006 June,2006 July,2006 August,2006 September,2006 October,2006 November,2006 December,2007 January,2007 February,2007 March,2007 April,2007 May,2007 June,2007 July,2007 August,2007 September,2007 October,2007 November,2007 December,2008 January,2008 February,2008 March,2008 April,2008 May,2008 June,2008 July,2008 August,2008 September,2008 October,2008 November,2008 December,2009 January,2009 February,2009 March,2009 April,2009 May,2009 June,2009 July,2009 August,2009 September,2009 October,2009 November,2009 December,2010 January,2010 February,2010 March,2010 April,2010 May,2010 June,2010 July,2010 August,2010 September,2010 October,2010 November,2010 December,2011 January,2011 February,2011 March,2011 April,2011 May,2011 June,2011 July,2011 August,2011 September,2011 October,2011 November,2011 December,2011 April,2011 May,2011 June,2011 July,2011 August,2011 September,2011 October,2011 November,2011 December,2012 January,2012 February,2012 March,2012 April,2012 May,2012 June,2012 July,2012 August,2012 September,2012 October,2012 November,2012 December,2013 January,2013 February,2013 March,2013 April,2013 May,2013 June,2013 July,2013 August,2013 September,2013 October,2013 November,2013 December,2014 January,2014 February,2014 March,2014 April,2014 May,2014 June,2014 July,2014 August,2014 September,2014 October,2014 November,2014 December,2015 January,2015 February,2015 March,2015 April,2015 May,2015 June,2015 July,2015 August,2015 September,2015 October,2015 November,2015 December,2016 January,2016 February,2016 March,2016 April,2016 May,2016 June,2016 July,2016 August,2016 September,2016 October,2016 November,2016 December,2017 January,2017 February,2017 March,2017 April,2017 May,2017 June,2017 July,2017 August,2017 September,2017 October,2017 November,2017 December,2018 January,2018 February,2018 March,2018 April,2018 May,2018 June,2018 July,2018 August,2018 September,2018 October,2018 November,2018 December,2019 January,2019 February,2019 March,2019 April,2019 May,2019 June,,,,,,,
"""Illegal Immigrant""",,,,,,,,,,,,,,,,,,,,,,,,,,,,,,,,,,,,,,,,,,,,,,,,,,,,,,,,,,,,,,,,,,,,,,,8,13,9,0,3,8,2,2,3,0,1,2,3,3,1,3,0,0,7,0,2,2,6,1,3,3,0,6,2,2,0,1,3,3,3,1,2,2,2,4,0,1,2,0,1,1,1,1,4,1,1,4,0,0,1,0,2,1,3,2,0,3,1,1,1,2,2,2,0,2,8,6,3,3,0,0,5,2,1,1,7,2,2,0,1,0,7,0,4,0,0,0,0,2,3,0,0,0,2,,,,,,,
"""Undocumented Immigrant""",,,,,,,,,,,,,,,,,,,,,,,,,,,,,,,,,,,,,,,,,,,,,,,,,,,,,,,,,,,,,,,,,,,,,,,1,0,1,0,0,3,0,0,1,0,0,0,0,1,1,2,0,0,2,0,0,1,0,1,2,0,0,3,0,3,0,0,1,1,1,0,0,1,0,1,0,0,0,2,1,1,0,0,0,0,0,1,2,0,0,0,0,0,0,0,0,0,0,2,0,0,0,2,0,1,5,7,2,0,1,0,1,0,1,0,0,3,1,1,0,0,0,1,0,1,0,0,1,0,0,0,0,0,1,,,,,,,
"articles containing ""immigra* ",,,,,,,,,,,,,,,,,,,,,,,,,,,,,,,,,,,,,,,,,,,,,,,,,,,,,,,,,,,,,,,,,,,,,,,92,231,190,203,192,,,,,,,,,,,,,,,,,,,,,,,,,,,,,,,,,,,,,,,,,,,,,,,,,,,,,,,,,,,,,,,,,,,,,,,,,,,,,,,,,,,,,,,,,,,,,,,,,,,,,
percentage of articles with immigra* that contain illegal immigrant,,,,,,,,,,,,,,,,,,,,,,,,,,,,,,,,,,,,,,,,,,,,,,,,,,,,,,,,,,,,,,,,,,,,,,,,,,,,,,,,,,,,,,,,,,,,,,,,,,,,,,,,,,,,,,,,,,,,,,,,,,,,,,,,,,,,,,,,,,,,,,,,,,,,,,,,,,,,,,,,,,,,,,,,,,,,,,,,
percentage of articles with immigra* that contain undocumented immigrant,,,,,,,,,,,,,,,,,,,,,,,,,,,,,,,,,,,,,,,,,,,,,,,,,,,,,,,,,,,,,,,,,,,,,,,,,,,,,,,,,,,,,,,,,,,,,,,,,,,,,,,,,,,,,,,,,,,,,,,,,,,,,,,,,,,,,,,,,,,,,,,,,,,,,,,,,,,,,,,,,,,,,,,,,,,,,,,,
Washington Post,,2006 April,2006 May,2006 June,2006 July,2006 August,2006 September,2006 October,2006 November,2006 December,2007 January,2007 February,2007 March,2007 April,2007 May,2007 June,2007 July,2007 August,2007 September,2007 October,2007 November,2007 December,2008 January,2008 February,2008 March,2008 April,2008 May,2008 June,2008 July,2008 August,2008 September,2008 October,2008 November,2008 December,2009 January,2009 February,2009 March,2009 April,2009 May,2009 June,2009 July,2009 August,2009 September,2009 October,2009 November,2009 December,2010 January,2010 February,2010 March,2010 April,2010 May,2010 June,2010 July,2010 August,2010 September,2010 October,2010 November,2010 December,2011 January,2011 February,2011 March,2011 April,2011 May,2011 June,2011 July,2011 August,2011 September,2011 October,2011 November,2011 December,2011 April,2011 May,2011 June,2011 July,2011 August,2011 September,2011 October,2011 November,2011 December,2012 January,2012 February,2012 March,2012 April,2012 May,2012 June,2012 July,2012 August,2012 September,2012 October,2012 November,2012 December,2013 January,2013 February,2013 March,2013 April,2013 May,2013 June,2013 July,2013 August,2013 September,2013 October,2013 November,2013 December,2014 January,2014 February,2014 March,2014 April,2014 May,2014 June,2014 July,2014 August,2014 September,2014 October,2014 November,2014 December,2015 January,2015 February,2015 March,2015 April,2015 May,2015 June,2015 July,2015 August,2015 September,2015 October,2015 November,2015 December,2016 January,2016 February,2016 March,2016 April,2016 May,2016 June,2016 July,2016 August,2016 September,2016 October,2016 November,2016 December,2017 January,2017 February,2017 March,2017 April,2017 May,2017 June,2017 July,2017 August,2017 September,2017 October,2017 November,2017 December,2018 January,2018 February,2018 March,2018 April,2018 May,2018 June,2018 July,2018 August,2018 September,2018 October,2018 November,2018 December,2019 January,2019 February,2019 March,2019 April,2019 May,2019 June,,,,,,,
"""Illegal Immigrant""",,,,,,,,,,,,,,,,,,,,,,,,,,,,,,,,,,,,,,,,,,,,,,,,,,,,,,,,,,,,,,,,,,,,,,,2,1,3,1,1,3,4,3,1,4,6,4,2,1,3,1,1,3,4,3,1,8,17,5,5,3,5,10,5,0,4,5,1,0,2,2,1,5,6,3,8,6,1,19,8,0,4,4,3,3,0,11,6,0,0,4,0,6,5,7,3,5,0,5,2,1,5,0,0,3,2,5,2,2,3,1,1,3,0,1,0,5,0,0,0,0,1,3,2,1,2,1,0,2,1,1,0,0,0,,,,,,,
"""Undocumented Immigrant""",,,,,,,,,,,,,,,,,,,,,,,,,,,,,,,,,,,,,,,,,,,,,,,,,,,,,,,,,,,,,,,,,,,,,,,0,1,2,0,0,0,1,0,1,1,1,0,0,0,0,0,2,1,0,4,0,6,4,0,6,3,4,4,4,0,0,1,0,1,4,0,1,10,0,13,6,3,8,7,0,9,5,1,0,0,0,1,4,0,3,4,3,1,8,4,3,0,1,2,0,5,0,5,0,4,8,2,2,2,4,1,2,7,6,1,0,4,0,2,0,0,13,3,5,4,4,1,0,5,8,3,3,0,0,,,,,,,
"articles containing ""immigra* ",,,,,,,,,,,,,,,,,,,,,,,,,,,,,,,,,,,,,,,,,,,,,,,,,,,,,,,,,,,,,,,,,,,,,,,92,231,190,203,192,,,,,,,,,,,,,,,,,,,,,,,,,,,,,,,,,,,,,,,,,,,,,,,,,,,,,,,,,,,,,,,,,,,,,,,,,,,,,,,,,,,,,,,,,,,,,,,,,,,,,
percentage of articles with immigra* that contain illegal immigrant,,,,,,,,,,,,,,,,,,,,,,,,,,,,,,,,,,,,,,,,,,,,,,,,,,,,,,,,,,,,,,,,,,,,,,,,,,,,,,,,,,,,,,,,,,,,,,,,,,,,,,,,,,,,,,,,,,,,,,,,,,,,,,,,,,,,,,,,,,,,,,,,,,,,,,,,,,,,,,,,,,,,,,,,,,,,,,,,
percentage of articles with immigra* that contain undocumented immigrant,,,,,,,,,,,,,,,,,,,,,,,,,,,,,,,,,,,,,,,,,,,,,,,,,,,,,,,,,,,,,,,,,,,,,,,,,,,,,,,,,,,,,,,,,,,,,,,,,,,,,,,,,,,,,,,,,,,,,,,,,,,,,,,,,,,,,,,,,,,,,,,,,,,,,,,,,,,,,,,,,,,,,,,,,,,,,,,,
,,,,,,,,,,,,,,,,,,,,,,,,,,,,,,,,,,,,,,,,,,,,,,,,,,,,,,,,,,,,,,,,,,,,,,,0.125,0,0.111111111,#DIV/0!,0,0.375,0,0,0.333333333,#DIV/0!,0,0,0,0.333333333,1,0.666666667,#DIV/0!,#DIV/0!,0.285714286,#DIV/0!,0,0.5,0,1,0.666666667,0,#DIV/0!,0.5,0,1.5,#DIV/0!,0,0.333333333,0.333333333,0.333333333,0,0,0.5,0,0.25,#DIV/0!,0,0,#DIV/0!,1,1,0,0,0,0,0,0.25,#DIV/0!,#DIV/0!,0,#DIV/0!,0,0,0,0,#DIV/0!,0,0,2,0,0,0,1,#DIV/0!,0.5,0.625,1.166666667,0.666666667,0,#DIV/0!,#DIV/0!,0.2,0,1,0,0,1.5,0.5,#DIV/0!,0,#DIV/0!,0,#DIV/0!,0,#DIV/0!,#DIV/0!,#DIV/0!,#DIV/0!,0,0,#DIV/0!,#DIV/0!,#DIV/0!,0.5,#DIV/0!,,,,,,
,,,,,,,,,,,,,,,,,,,,,,,,,,,,,,,,,,,,,,,,,,,,,,,,,,,,,,,,,,,,,,,,,,,,,,,0,1,0.666666667,0,0,0,0.25,0,1,0.25,0.166666667,0,0,0,0,0,2,0.333333333,0,1.333333333,0,0.75,0.235294118,0,1.2,1,0.8,0.4,0.8,#DIV/0!,0,0.2,0,#DIV/0!,2,0,1,2,0,4.333333333,0.75,0.5,8,0.368421053,0,#DIV/0!,1.25,0.25,0,0,#DIV/0!,0.090909091,0.666666667,#DIV/0!,#DIV/0!,1,#DIV/0!,0.166666667,1.6,0.571428571,1,0,#DIV/0!,0.4,0,5,0,#DIV/0!,#DIV/0!,1.333333333,4,0.4,1,1,1.333333333,1,2,2.333333333,#DIV/0!,1,#DIV/0!,0.8,#DIV/0!,#DIV/0!,#DIV/0!,#DIV/0!,13,1,2.5,4,2,1,#DIV/0!,2.5,8,3,#DIV/0!,#DIV/0!,#DIV/0!,#DIV/0!,,,,,,
Washington Post,,2006 April,2006 May,2006 June,2006 July,2006 August,2006 September,2006 October,2006 November,2006 December,2007 January,2007 February,2007 March,2007 April,2007 May,2007 June,2007 July,2007 August,2007 September,2007 October,2007 November,2007 December,2008 January,2008 February,2008 March,2008 April,2008 May,2008 June,2008 July,2008 August,2008 September,2008 October,2008 November,2008 December,2009 January,2009 February,2009 March,2009 April,2009 May,2009 June,2009 July,2009 August,2009 September,2009 October,2009 November,2009 December,2010 January,2010 February,2010 March,2010 April,2010 May,2010 June,2010 July,2010 August,2010 September,2010 October,2010 November,2010 December,2011 January,2011 February,2011 March,2011 April,2011 May,2011 June,2011 July,2011 August,2011 September,2011 October,2011 November,2011 December,2011 April,2011 May,2011 June,2011 July,2011 August,2011 September,2011 October,2011 November,2011 December,2012 January,2012 February,2012 March,2012 April,2012 May,2012 June,2012 July,2012 August,2012 September,2012 October,2012 November,2012 December,2013 January,2013 February,2013 March,2013 April,2013 May,2013 June,2013 July,2013 August,2013 September,2013 October,2013 November,2013 December,2014 January,2014 February,2014 March,2014 April,2014 May,2014 June,2014 July,2014 August,2014 September,2014 October,2014 November,2014 December,2015 January,2015 February,2015 March,2015 April,2015 May,2015 June,2015 July,,,,,Ratio of before and after,,Ratio of illegal to undocumented,,,,,,,,,,,,,,,,,,,,,,,,,,,,,,,,,,,,,,,,,,,,,,,
"""Illegal Immigrant""",,,,,,,,,,,,,,,,,,,,,,,,,,,,,,,,,,,,,,,,,,,,,,,,,,,,,,,,,,,,,,,,,,,,,,,9,17,14,4,14,23,29,29,,,,,,,,,,,,,,,,,,,,,,,,,,,,,,,,,,,,,,,,,,,,,NY Times Before April illegal,,,127,2.822222222,Before,63.5,,,,,,,,,,,,,,,,,,,,,,,,,,,,,,,,,,,,,,,,,,,,,,,
"""Undocumented Immigrant""",,,,,,,,,,,,,,,,,,,,,,,,,,,,,,,,,,,,,,,,,,,,,,,,,,,,,,,,,,,,,,,,,,,,,,,,,,,,,,,,,,,,,,,,,,,,,,,,,,,,,,,,,,,,,,,,,,,,,,,,,,,"NY Times After April""illegal"")",,,45,,After,2.25,,,,,,,,,,,,,,,,,,,,,,,,,,,,,,,,,,,,,,,,,,,,,,,
"articles containing ""immigra* ",,,,,,,,,,,,,,,,,,,,,,,,,,,,,,,,,,,,,,,,,,,,,,,,,,,,,,,,,,,,,,,,,,,,,,,,,,,,,,,,,,,,,,,,,,,,,,,,,,,,,,,,,,,,,,,,,,,,,,,,,,,,,,,,,,,,,,,,,,,,,,,,,,,,,,,,,,,,,,,,,,,,,,,,,,,,,,,,
percentage of articles with immigra* that contain illegal immigrant,,,,,,,,,,,,,,,,,,,,,,,,,,,,,,,,,,,,,,,,,,,,,,,,,,,,,,,,,,,,,,,,,,,,,,,,,,,,,,,,,,,,,,,,,,,,,,,,,,,,,,,,,,,,,,,,,,,,,,,,,,,,,,,,,,,,,,,,,,,,,,,,,,,,,,,,,,,,,,,,,,,,,,,,,,,,,,,,
percentage of articles with immigra* that contain undocumented immigrant,,,,,,,,,,,,,,,,,,,,,,,,,,,,,,,,,,,,,,,,,,,,,,,,,,,,,,,,,,,,,,,,,,,,,,,,,,,,,,,,,,,,,,,,,,,,,,,,,,,,,,,,,,,,,,,,,,,,,,,,,,,,,,,,,,,,,,,,,,,,,,,,,,,,,,,,,,,,,,,,,,,,,,,,,,,,,,,,
,,,,,,,,,,,,,,,,,,,,,,,,,,,,,,,,,,,,,,,,,,,,,,,,,,,,,,,,,,,,,,,,,,,,,,,,,,,,,,,,,,,,,,,,,,,,,,,,,,,,,,,,,,,,,,,,,,,,,,,,,,,"NY Times Before April ""undocumented""",,,2,10,,,,,,,,,,,,,,,,,,,,,,,,,,,,,,,,,,,,,,,,,,,,,,,,,
print from Factiva,,,,,,,,,,,,,,,,,,,,,,,,,,,,,,,,,,,,,,,,,,,,,,,,,,,,,,,,,,,,,,,,,,,,,,,,,,,,,,,,,,,,,,,,,,,,,,,,,,,,,,,,,,,,,,,,,,,,,,,,,,,"NY Times After April""undocumentedl"")",,,20,,,,,,,,,,,,,,,,,,,,,,,,,,,,,,,,,,,,,,,,,,,,,,,,,,
WSJ,Date,2006 April,2006 May,2006 June,2006 July,2006 August,2006 September,2006 October,2006 November,2006 December,2007 January,2007 February,2007 March,2007 April,2007 May,2007 June,2007 July,2007 August,2007 September,2007 October,2007 November,2007 December,2008 January,2008 February,2008 March,2008 April,2008 May,2008 June,2008 July,2008 August,2008 September,2008 October,2008 November,2008 December,2009 January,2009 February,2009 March,2009 April,2009 May,2009 June,2009 July,2009 August,2009 September,2009 October,2009 November,2009 December,2010 January,2010 February,2010 March,2010 April,2010 May,2010 June,2010 July,2010 August,2010 September,2010 October,2010 November,2010 December,2011 January,2011 February,2011 March,2011 April,2011 May,2011 June,2011 July,2011 August,2011 September,2011 October,2011 November,2011 December,2011 April,2011 May,2011 June,2011 July,2011 August,2011 September,2011 October,2011 November,2011 December,2012 January,2012 February,2012 March,2012 April,2012 May,2012 June,2012 July,2012 August,2012 September,2012 October,2012 November,2012 December,2013 January,2013 February,2013 March,2013 April,2013 May,2013 June,2013 July,2013 August,2013 September,2013 October,2013 November,2013 December,2014 January,2014 February,2014 March,2014 April,2014 May,2014 June,2014 July,2014 August,2014 September,2014 October,2014 November,2014 December,2015 January,2015 February,2015 March,2015 April,2015 May,2015 June,2015 July,2015 August,2015 September,2015 October,2015 November,2015 December,2016 January,2016 February,2016 March,2016 April,2016 May,2016 June,2016 July,2016 August,2016 September,2016 October,2016 November,2016 December,2017 January,2017 February,2017 March,2017 April,2017 May,2017 June,2017 July,2017 August,2017 September,2017 October,2017 November,2017 December,2018 January,2018 February,2018 March,2018 April,2018 May,2018 June,2018 July,2018 August,2018 September,2018 October,2018 November,2018 December,2019 January,2019 February,2019 March,2019 April,2019 May,2019 June,2019 July,2019 August,2019 September,2019 October,2019 November,2019 December,2020 January
"""Illegal Immigrant""",,,,,,,,,,,,,,,,,,,,,,,,,,,,,,,,,,,,,,,,,,,,,,,,,,,,,,,,,,,,,,,,,,,,,,,8,13,14,3,10,18,19,12,16,13,5,8,16,11,21,9,13,10,12,20,3,20,16,20,25,23,25,29,7,8,14,8,6,9,7,9,12,14,20,21,16,17,12,31,27,14,24,19,13,11,14,13,12,17,5,10,7,15,24,16,16,23,14,13,20,10,15,32,17,23,24,19,10,8,11,9,11,13,4,5,6,13,11,1,8,7,24,9,9,5,8,12,5,14,10,14,11,6,15,9,7,4,5,11,11,5
"""Undocumented Immigrant""",,,,,,,,,,,,,,,,,,,,,,,,,,,,,,,,,,,,,,,,,,,,,,,,,,,,,,,,,,,,,,,,,,,,,,,3,1,1,2,2,3,5,3,4,2,2,2,1,2,6,4,3,6,3,4,0,5,7,5,8,4,1,10,3,7,2,6,3,6,3,6,3,3,3,8,4,5,1,9,8,9,5,5,3,6,4,6,7,4,0,8,5,4,3,7,5,0,3,5,7,7,6,15,8,9,15,9,7,6,2,1,6,21,7,6,8,26,19,9,9,9,5,3,1,2,1,8,5,13,5,1,1,3,11,6,5,4,5,3,2,2
"articles containing ""immigra* ",,,,,,,,,,,,,,,,,,,,,,,,,,,,,,,,,,,,,,,,,,,,,,,,,,,,,,,,,,,,,,,,,,,,,,,,,,,,,,,,,,,,,,,,,,,,,,,,,,,,,,,,,,,,,,,,,,,,,,,,,,,,,,,,,,,,,,,,,,,,,,,,,,,,,,,,,,,,,,,,,,,,,,,,,,,,,,,,
percentage of articles with immigra* that contain illegal immigrant,,,,,,,,,,,,,,,,,,,,,,,,,,,,,,,,,,,,,,,,,,,,,,,,,,,,,,,,,,,,,,,,,,,,,,,,,,,,,,,,,,,,,,,,,,,,,,,,,,,,,,,,,,,,,,,,,,,,,,,,,,,,,,,,,,,,,,,,,,,,,,,,,,,,,,,,,,,,,,,,,,,,,,,,,,,,,,,,
percentage of articles with immigra* that contain undocumented immigrant,,,,,,,,,,,,,,,,,,,,,,,,,,,,,,,,,,,,,,,,,,,,,,,,,,,,,,,,,,,,,,,,,,,,,,,,,,,,,,,,,,,,,,,,,,,,,,,,,,,,,,,,,,,,,,,,,,,,,,,,,,,,,,,,,,,,,,,,,,,,,,,,,,,,,,,,,,,,,,,,,,,,,,,,,,,,,,,,
,,,,,,,,,,,,,,,,,,,,,,,,,,,,,,,,,,,,,,,,,,,,,,,,,,,,,,,,,,,,,,,,,,,,,,,,,,,,,,,,,,,,,,,,,,,,,,,,,,,,,,,,,,,,,,,,,,,,,,,,,,,,,,,,,,,,,,,,,,,,,,,,,,,,,,,,,,,,,,,,,,,,,,,,,,,,,,,,
Washington Post,Date,2006 April,2006 May,2006 June,2006 July,2006 August,2006 September,2006 October,2006 November,2006 December,2007 January,2007 February,2007 March,2007 April,2007 May,2007 June,2007 July,2007 August,2007 September,2007 October,2007 November,2007 December,2008 January,2008 February,2008 March,2008 April,2008 May,2008 June,2008 July,2008 August,2008 September,2008 October,2008 November,2008 December,2009 January,2009 February,2009 March,2009 April,2009 May,2009 June,2009 July,2009 August,2009 September,2009 October,2009 November,2009 December,2010 January,2010 February,2010 March,2010 April,2010 May,2010 June,2010 July,2010 August,2010 September,2010 October,2010 November,2010 December,2011 January,2011 February,2011 March,2011 April,2011 May,2011 June,2011 July,2011 August,2011 September,2011 October,2011 November,2011 December,2011 April,2011 May,2011 June,2011 July,2011 August,2011 September,2011 October,2011 November,2011 December,2012 January,2012 February,2012 March,2012 April,2012 May,2012 June,2012 July,2012 August,2012 September,2012 October,2012 November,2012 December,2013 January,2013 February,2013 March,2013 April,2013 May,2013 June,2013 July,2013 August,2013 September,2013 October,2013 November,2013 December,2014 January,2014 February,2014 March,2014 April,2014 May,2014 June,2014 July,2014 August,2014 September,2014 October,2014 November,2014 December,2015 January,2015 February,2015 March,2015 April,2015 May,2015 June,2015 July,2015 August,2015 September,2015 October,2015 November,2015 December,2016 January,2016 February,2016 March,2016 April,2016 May,2016 June,2016 July,2016 August,2016 September,2016 October,2016 November,2016 December,2017 January,2017 February,2017 March,2017 April,2017 May,2017 June,2017 July,2017 August,2017 September,2017 October,2017 November,2017 December,2018 January,2018 February,2018 March,2018 April,2018 May,2018 June,2018 July,2018 August,2018 September,2018 October,2018 November,2018 December,2019 January,2019 February,2019 March,2019 April,2019 May,2019 June,2019 July,2019 August,2019 September,2019 October,2019 November,2019 December,2020 January
"""Illegal Immigrant""",,,,,,,,,,,,,,,,,,,,,,,,,,,,,,,,,,,,,,,,,,,,,,,,,,,,,,,,,,,,,,,,,,,,,,,12,19,14,14,19,35,36,31,32,21,11,18,35,17,50,17,22,21,36,33,19,34,42,37,33,25,32,32,15,7,22,18,14,17,26,13,17,11,22,25,26,16,10,51,20,22,20,12,9,16,14,28,29,30,16,29,16,24,39,24,22,16,19,28,27,29,18,44,14,27,28,26,17,18,18,16,16,29,12,19,8,25,9,9,11,10,30,14,11,10,7,18,3,14,12,4,7,7,4,4,6,6,4,3,2,5
"""Undocumented Immigrant""",,,,,,,,,,,,,,,,,,,,,,,,,,,,,,,,,,,,,,,,,,,,,,,,,,,,,,,,,,,,,,,,,,,,,,,7,11,4,5,2,6,12,5,9,9,6,5,17,10,14,5,12,5,22,18,6,21,15,13,18,12,17,18,14,12,13,4,9,8,18,5,7,13,12,22,15,16,9,50,22,20,24,14,7,12,9,19,24,26,15,28,21,22,13,25,24,17,25,17,21,25,26,45,10,45,58,56,39,33,23,36,30,93,48,36,35,95,52,45,43,36,58,39,24,18,25,33,20,60,32,19,26,32,27,44,39,15,16,21,13,9
"articles containing ""immigra* ",,,,,,,,,,,,,,,,,,,,,,,,,,,,,,,,,,,,,,,,,,,,,,,,,,,,,,,,,,,,,,,,,,,,,,,,,,,,,,,,,,,,,,,,,,,,,,,,,,,,,,,,,,,,,,,,,,,,,,,,,,,,,,,,,,,,,,,,,,,,,,,,,,,,,,,,,,,,,,,,,,,,,,,,,,,,,,,,
percentage of articles with immigra* that contain illegal immigrant,,,,,,,,,,,,,,,,,,,,,,,,,,,,,,,,,,,,,,,,,,,,,,,,,,,,,,,,,,,,,,,,,,,,,,,,,,,,,,,,,,,,,,,,,,,,,,,,,,,,,,,,,,,,,,,,,,,,,,,,,,,,,,,,,,,,,,,,,,,,,,,,,,,,,,,,,,,,,,,,,,,,,,,,,,,,,,,,
percentage of articles with immigra* that contain undocumented immigrant,,,,,,,,,,,,,,,,,,,,,,,,,,,,,,,,,,,,,,,,,,,,,,,,,,,,,,,,,,,,,,,,,,,,,,,,,,,,,,,,,,,,,,,,,,,,,,,,,,,,,,,,,,,,,,,,,,,,,,,,,,,,,,,,,,,,,,,,,,,,,,,,,,,,,,,,,,,,,,,,,,,,,,,,,,,,,,,,
,,,,,,,,,,,,,,,,,,,,,,,,,,,,,,,,,,,,,,,,,,,,,,,,,,,,,,,,,,,,,,,,,,,,,,,-5,-8,-10,-9,-17,-29,-24,-26,-23,-12,-5,-13,-18,-7,-36,-12,-10,-16,-14,-15,-13,-13,-27,-24,-15,-13,-15,-14,-1,5,-9,-14,-5,-9,-8,-8,-10,2,-10,-3,-11,0,-1,-1,2,-2,4,2,-2,-4,-5,-9,-5,-4,-1,-1,5,-2,-26,1,2,1,6,-11,-6,-4,8,1,-4,18,30,30,22,15,5,20,14,64,36,17,27,70,43,36,32,26,28,25,13,8,18,15,17,46,20,15,19,25,23,40,33,9,12,18,11,4
NY Times,Date,2006 April,2006 May,2006 June,2006 July,2006 August,2006 September,2006 October,2006 November,2006 December,2007 January,2007 February,2007 March,2007 April,2007 May,2007 June,2007 July,2007 August,2007 September,2007 October,2007 November,2007 December,2008 January,2008 February,2008 March,2008 April,2008 May,2008 June,2008 July,2008 August,2008 September,2008 October,2008 November,2008 December,2009 January,2009 February,2009 March,2009 April,2009 May,2009 June,2009 July,2009 August,2009 September,2009 October,2009 November,2009 December,2010 January,2010 February,2010 March,2010 April,2010 May,2010 June,2010 July,2010 August,2010 September,2010 October,2010 November,2010 December,2011 January,2011 February,2011 March,2011 April,2011 May,2011 June,2011 July,2011 August,2011 September,2011 October,2011 November,2011 December,2011 April,2011 May,2011 June,2011 July,2011 August,2011 September,2011 October,2011 November,2011 December,2012 January,2012 February,2012 March,2012 April,2012 May,2012 June,2012 July,2012 August,2012 September,2012 October,2012 November,2012 December,2013 January,2013 February,2013 March,2013 April,2013 May,2013 June,2013 July,2013 August,2013 September,2013 October,2013 November,2013 December,2014 January,2014 February,2014 March,2014 April,2014 May,2014 June,2014 July,2014 August,2014 September,2014 October,2014 November,2014 December,2015 January,2015 February,2015 March,2015 April,2015 May,2015 June,2015 July,2015 August,2015 September,2015 October,2015 November,2015 December,2016 January,2016 February,2016 March,2016 April,2016 May,2016 June,2016 July,2016 August,2016 September,2016 October,2016 November,2016 December,2017 January,2017 February,2017 March,2017 April,2017 May,2017 June,2017 July,2017 August,2017 September,2017 October,2017 November,2017 December,2018 January,2018 February,2018 March,2018 April,2018 May,2018 June,2018 July,2018 August,2018 September,2018 October,2018 November,2018 December,2019 January,2019 February,2019 March,2019 April,2019 May,2019 June,2019 July,2019 August,2019 September,2019 October,2019 November,2019 December,2020 January
"""Illegal Immigrant""",,,,,,,,,,,,,,,,,,,,,,,,,,,,,,,,,,,,,,,,,,,,,,,,,,,,,,,,,,,,,,,,,,,,,,,27,39,23,17,29,31,48,33,38,43,18,18,38,22,51,28,36,32,28,29,18,33,30,30,36,25,25,14,10,17,17,16,4,18,19,23,17,17,17,19,11,6,7,29,16,7,12,13,9,15,8,16,30,21,12,16,9,24,23,27,14,17,11,20,9,23,19,29,13,25,29,22,18,14,7,6,14,23,9,16,11,30,13,9,15,15,22,19,16,15,15,21,16,16,9,4,6,9,11,12,10,5,6,3,7,2
"""Undocumented Immigrant""",,,,,,,,,,,,,,,,,,,,,,,,,,,,,,,,,,,,,,,,,,,,,,,,,,,,,,,,,,,,,,,,,,,,,,,2,4,5,2,3,4,6,4,2,1,5,4,7,5,7,4,4,2,2,7,1,7,9,5,9,9,17,11,5,6,6,9,7,9,10,7,10,12,10,10,9,11,14,41,26,24,23,21,7,23,7,19,20,20,8,22,20,19,27,27,16,14,29,23,13,27,22,58,30,31,65,56,36,28,24,30,38,73,45,21,29,68,45,39,31,38,71,34,35,31,27,41,34,60,27,20,31,27,48,42,32,21,12,25,15,18
"articles containing ""immigra* ",,,,,,,,,,,,,,,,,,,,,,,,,,,,,,,,,,,,,,,,,,,,,,,,,,,,,,,,,,,,,,,,,,,,,,,,,,,,,,,,,,,,,,,,,,,,,,,,,,,,,,,,,,,,,,,,,,,,,,,,,,,,,,,,,,,,,,,,,,,,,,,,,,,,,,,,,,,,,,,,,,,,,,,,,,,,,,,,
percentage of articles with immigra* that contain illegal immigrant,,,,,,,,,,,,,,,,,,,,,,,,,,,,,,,,,,,,,,,,,,,,,,,,,,,,,,,,,,,,,,,,,,,,,,,,,,,,,,,,,,,,,,,,,,,,,,,,,,,,,,,,,,,,,,,,,,,,,,,,,,,,,,,,,,,,,,,,,,,,,,,,,,,,,,,,,,,,,,,,,,,,,,,,,,,,,,,,
percentage of articles with immigra* that contain undocumented immigrant,,,,,,,,,,,,,,,,,,,,,,,,,,,,,,,,,,,,,,,,,,,,,,,,,,,,,,,,,,,,,,,,,,,,,,,,,,,,,,,,,,,,,,,,,,,,,,,,,,,,,,,,,,,,,,,,,,,,,,,,,,,,,,,,,,,,,,,,,,,,,,,,,,,,,,,,,,,,,,,,,,,,,,,,,,,,,,,,
LA Times,Date,2006 April,2006 May,2006 June,2006 July,2006 August,2006 September,2006 October,2006 November,2006 December,2007 January,2007 February,2007 March,2007 April,2007 May,2007 June,2007 July,2007 August,2007 September,2007 October,2007 November,2007 December,2008 January,2008 February,2008 March,2008 April,2008 May,2008 June,2008 July,2008 August,2008 September,2008 October,2008 November,2008 December,2009 January,2009 February,2009 March,2009 April,2009 May,2009 June,2009 July,2009 August,2009 September,2009 October,2009 November,2009 December,2010 January,2010 February,2010 March,2010 April,2010 May,2010 June,2010 July,2010 August,2010 September,2010 October,2010 November,2010 December,2011 January,2011 February,2011 March,2011 April,2011 May,2011 June,2011 July,2011 August,2011 September,2011 October,2011 November,2011 December,2011 April,2011 May,2011 June,2011 July,2011 August,2011 September,2011 October,2011 November,2011 December,2012 January,2012 February,2012 March,2012 April,2012 May,2012 June,2012 July,2012 August,2012 September,2012 October,2012 November,2012 December,2013 January,2013 February,2013 March,2013 April,2013 May,2013 June,2013 July,2013 August,2013 September,2013 October,2013 November,2013 December,2014 January,2014 February,2014 March,2014 April,2014 May,2014 June,2014 July,2014 August,2014 September,2014 October,2014 November,2014 December,2015 January,2015 February,2015 March,2015 April,2015 May,2015 June,2015 July,2015 August,2015 September,2015 October,2015 November,2015 December,2016 January,2016 February,2016 March,2016 April,2016 May,2016 June,2016 July,2016 August,2016 September,2016 October,2016 November,2016 December,2017 January,2017 February,2017 March,2017 April,2017 May,2017 June,2017 July,2017 August,2017 September,2017 October,2017 November,2017 December,2018 January,2018 February,2018 March,2018 April,2018 May,2018 June,2018 July,2018 August,2018 September,2018 October,2018 November,2018 December,2019 January,2019 February,2019 March,2019 April,2019 May,2019 June,2019 July,2019 August,2019 September,2019 October,2019 November,2019 December,2020 January
"""Illegal Immigrant""",,,,,,,,,,,,,,,,,,,,,,,,,,,,,,,,,,,,,,,,,,,,,,,,,,,,,,,,,,,,,,,,,,,,,,,21,30,48,17,26,28,40,28,35,24,32,17,20,22,32,14,33,28,36,19,20,24,31,25,19,5,9,1,2,2,5,2,0,1,3,3,7,4,6,7,8,1,4,8,3,5,1,0,0,4,2,6,5,9,3,5,1,2,7,6,6,7,3,4,3,4,1,10,5,3,7,5,4,2,4,2,3,4,2,0,2,5,3,2,4,3,5,0,1,3,4,2,3,3,1,2,0,1,3,2,2,0,0,3,1,0
"""Undocumented Immigrant""",,,,,,,,,,,,,,,,,,,,,,,,,,,,,,,,,,,,,,,,,,,,,,,,,,,,,,,,,,,,,,,,,,,,,,,3,6,9,6,7,7,4,3,8,7,6,1,9,6,15,4,14,11,11,6,9,14,9,9,9,1,6,5,3,7,4,2,3,3,3,4,5,3,4,7,5,1,4,8,7,3,1,0,2,1,3,3,4,5,5,3,1,1,3,3,5,5,3,1,3,0,2,3,4,3,0,4,0,5,2,1,1,4,1,1,1,4,1,2,1,1,1,1,2,0,1,1,1,0,0,0,0,0,0,3,2,2,1,3,0,3
"articles containing ""immigra* ",,,,,,,,,,,,,,,,,,,,,,,,,,,,,,,,,,,,,,,,,,,,,,,,,,,,,,,,,,,,,,,,,,,,,,,,,,,,,,,,,,,,,,,,,,,,,,,,,,,,,,,,,,,,,,,,,,,,,,,,,,,,,,,,,,,,,,,,,,,,,,,,,,,,,,,,,,,,,,,,,,,,,,,,,,,,,,,,
percentage of articles with immigra* that contain illegal immigrant,,,,,,,,,,,,,,,,,,,,,,,,,,,,,,,,,,,,,,,,,,,,,,,,,,,,,,,,,,,,,,,,,,,,,,,,,,,,,,,,,,,,,,,,,,,,,,,,,,,,,,,,,,,,,,,,,,,,,,,,,,,,,,,,,,,,,,,,,,,,,,,,,,,,,,,,,,,,,,,,,,,,,,,,,,,,,,,,
percentage of articles with immigra* that contain undocumented immigrant,,,,,,,,,,,,,,,,,,,,,,,,,,,,,,,,,,,,,,,,,,,,,,,,,,,,,,,,,,,,,,,,,,,,,,,,,,,,,,,,,,,,,,,,,,,,,,,,,,,,,,,,,,,,,,,,,,,,,,,,,,,,,,,,,,,,,,,,,,,,,,,,,,,,,,,,,,,,,,,,,,,,,,,,,,,,,,,,
Arizona-Daily Star News,,2006 April,2006 May,2006 June,2006 July,2006 August,2006 September,2006 October,2006 November,2006 December,2007 January,2007 February,2007 March,2007 April,2007 May,2007 June,2007 July,2007 August,2007 September,2007 October,2007 November,2007 December,2008 January,2008 February,2008 March,2008 April,2008 May,2008 June,2008 July,2008 August,2008 September,2008 October,2008 November,2008 December,2009 January,2009 February,2009 March,2009 April,2009 May,2009 June,2009 July,2009 August,2009 September,2009 October,2009 November,2009 December,2010 January,2010 February,2010 March,2010 April,2010 May,2010 June,2010 July,2010 August,2010 September,2010 October,2010 November,2010 December,2011 January,2011 February,2011 March,2011 April,2011 May,2011 June,2011 July,2011 August,2011 September,2011 October,2011 November,2011 December,2011 April,2011 May,2011 June,2011 July,2011 August,2011 September,2011 October,2011 November,2011 December,2012 January,2012 February,2012 March,2012 April,2012 May,2012 June,2012 July,2012 August,2012 September,2012 October,2012 November,2012 December,2013 January,2013 February,2013 March,2013 April,2013 May,2013 June,2013 July,2013 August,2013 September,2013 October,2013 November,2013 December,2014 January,2014 February,2014 March,2014 April,2014 May,2014 June,2014 July,2014 August,2014 September,2014 October,2014 November,2014 December,2015 January,2015 February,2015 March,2015 April,2015 May,2015 June,2015 July,2015 August,2015 September,2015 October,2015 November,2015 December,2016 January ,2016 February,2016 March,2016 April,2016 May,2016 June,2016 July,2016 August,2016 September,2016 October,2016 November,2016 December,2017 January,2017 February,2017 March,2017 April,2017 May,2017 June,2017 July,2017 August,2017 September,2017 October,2017 November,2017 December,2018 January,2018 February,2018 March,2018 April,2018 May,2018 June,2018 July,2018 August,2018 September,2018 October,2018 November,2018 December,2019 January,2019 February,2019 March,2019 April,2019 May,2019 June,2019 July,2019 August,2019 September,2019 October,2019 November,2019 December,2020 January
"""Illegal Immigrant""",,,,,,,,,,,,,,,,,,,,,,,,,,,,,,,,,,,,,,,,,,,,,,,,,,,,,,,,,,,,,,,,,,,,,,,12,10,7,11,14,11,11,5,9,5,4,5,4,6,8,9,11,6,5,3,5,11,10,9,2,2,6,1,5,1,16,3,3,7,5,5,3,4,10,16,9,6,8,6,3,5,2,1,0,2,2,3,1,2,3,0,3,4,2,3,2,1,2,5,3,4,1,1,2,7,1,2,4,1,3,2,1,7,0,0,3,1,1,1,3,0,2,4,3,3,1,2,2,6,3,0,2,2,0,1,2,1,2,1,1,0
"""Undocumented Immigrant""",,,,,,,,,,,,,,,,,,,,,,,,,,,,,,,,,,,,,,,,,,,,,,,,,,,,,,,,,,,,,,,,,,,,,,,1,0,0,0,0,3,4,0,1,0,0,0,0,1,4,1,0,1,0,0,1,0,1,2,0,0,2,0,1,0,1,0,2,2,4,2,0,2,4,4,4,5,4,4,3,0,5,2,1,1,1,1,0,2,3,1,2,1,1,5,2,3,1,2,4,4,2,4,1,5,0,1,1,0,1,1,3,4,4,0,2,3,2,3,2,2,3,2,2,1,3,2,1,5,4,4,0,0,1,4,3,1,2,4,2,1
"articles containing ""immigra* ",,,,,,,,,,,,,,,,,,,,,,,,,,,,,,,,,,,,,,,,,,,,,,,,,,,,,,,,,,,,,,,,,,,,,,,,,,,,,,,,,,,,,,,,,,,,,,,,,,,,,,,,,,,,,,,,,,,,,,,,,,,,,,,,,,,,,,,,,,,,,,,,,,,,,,,,,,,,,,,,,,,,,,,,,,,,,,,,
percentage of articles with immigra* that contain illegal immigrant,,,,,,,,,,,,,,,,,,,,,,,,,,,,,,,,,,,,,,,,,,,,,,,,,,,,,,,,,,,,,,,,,,,,,,,,,,,,,,,,,,,,,,,,,,,,,,,,,,,,,,,,,,,,,,,,,,,,,,,,,,,,,,,,,,,,,,,,,,,,,,,,,,,,,,,,,,,,,,,,,,,,,,,,,,,,,,,,
percentage of articles with immigra* that contain undocumented immigrant,,,,,,,,,,,,,,,,,,,,,,,,,,,,,,,,,,,,,,,,,,,,,,,,,,,,,,,,,,,,,,,,,,,,,,,,,,,,,,,,,,,,,,,,,,,,,,,,,,,,,,,,,,,,,,,,,,,,,,,,,,,,,,,,,,,,,,,,,,,,,,,,,,,,,,,,,,,,,,,,,,,,,,,,,,,,,,,,
Tampa Bay Times,Date,2006 April,2006 May,2006 June,2006 July,2006 August,2006 September,2006 October,2006 November,2006 December,2007 January,2007 February,2007 March,2007 April,2007 May,2007 June,2007 July,2007 August,2007 September,2007 October,2007 November,2007 December,2008 January,2008 February,2008 March,2008 April,2008 May,2008 June,2008 July,2008 August,2008 September,2008 October,2008 November,2008 December,2009 January,2009 February,2009 March,2009 April,2009 May,2009 June,2009 July,2009 August,2009 September,2009 October,2009 November,2009 December,2010 January,2010 February,2010 March,2010 April,2010 May,2010 June,2010 July,2010 August,2010 September,2010 October,2010 November,2010 December,2011 January,2011 February,2011 March,2011 April,2011 May,2011 June,2011 July,2011 August,2011 September,2011 October,2011 November,2011 December,2011 April,2011 May,2011 June,2011 July,2011 August,2011 September,2011 October,2011 November,2011 December,2012 January,2012 February,2012 March,2012 April,2012 May,2012 June,2012 July,2012 August,2012 September,2012 October,2012 November,2012 December,2013 January,2013 February,2013 March,2013 April,2013 May,2013 June,2013 July,2013 August,2013 September,2013 October,2013 November,2013 December,2014 January,2014 February,2014 March,2014 April,2014 May,2014 June,2014 July,2014 August,2014 September,2014 October,2014 November,2014 December,2015 January,2015 February,2015 March,2015 April,2015 May,2015 June,2015 July,2015 August,2015 September,2015 October,2015 November,2015 December,2016 January ,2016 February,2016 March,2016 April,2016 May,2016 June,2016 July,2016 August,2016 September,2016 October,2016 November,2016 December,2017 January,2017 February,2017 March,2017 April,2017 May,2017 June,2017 July,2017 August,2017 September,2017 October,2017 November,2017 December,2018 January,2018 February,2018 March,2018 April,2018 May,2018 June,2018 July,2018 August,2018 September,2018 October,2018 November,2018 December,2019 January,2019 February,2019 March,2019 April,2019 May,2019 June,2019 July,2019 August,2019 September,2019 October,2019 November,2019 December,2020 January
"""Illegal Immigrant""",,,,,,,,,,,,,,,,,,,,,,,,,,,,,,,,,,,,,,,,,,,,,,,,,,,,,,,,,,,,,,,,,,,,,,,2,12,3,7,4,10,10,7,7,8,9,4,7,6,31,9,15,7,10,3,1,8,6,8,7,7,14,7,5,4,1,3,3,5,3,8,5,6,5,10,9,10,14,12,9,1,4,3,2,2,3,11,14,14,3,7,4,4,9,6,2,2,7,14,9,12,12,7,7,3,9,7,6,2,4,3,1,8,2,0,1,14,12,7,2,1,10,10,6,5,3,0,1,4,1,0,0,0,2,0,0,1,1,2,0,0
"""Undocumented Immigrant""",,,,,,,,,,,,,,,,,,,,,,,,,,,,,,,,,,,,,,,,,,,,,,,,,,,,,,,,,,,,,,,,,,,,,,,3,3,2,2,1,3,1,2,0,4,5,3,2,2,6,3,3,2,7,0,0,6,8,9,5,8,12,7,3,3,5,5,9,4,9,10,16,13,5,11,9,7,10,17,6,0,2,4,4,2,8,8,13,4,4,9,4,8,10,10,1,5,4,18,11,15,20,14,6,11,17,10,13,5,4,6,5,7,2,1,5,17,11,4,5,6,9,12,5,4,3,5,2,3,2,2,2,7,5,4,7,1,0,2,1,4
"articles containing ""immigra* ",,,,,,,,,,,,,,,,,,,,,,,,,,,,,,,,,,,,,,,,,,,,,,,,,,,,,,,,,,,,,,,,,,,,,,,,,,,,,,,,,,,,,,,,,,,,,,,,,,,,,,,,,,,,,,,,,,,,,,,,,,,,,,,,,,,,,,,,,,,,,,,,,,,,,,,,,,,,,,,,,,,,,,,,,,,,,,,,
percentage of articles with immigra* that contain illegal immigrant,,,,,,,,,,,,,,,,,,,,,,,,,,,,,,,,,,,,,,,,,,,,,,,,,,,,,,,,,,,,,,,,,,,,,,,,,,,,,,,,,,,,,,,,,,,,,,,,,,,,,,,,,,,,,,,,,,,,,,,,,,,,,,,,,,,,,,,,,,,,,,,,,,,,,,,,,,,,,,,,,,,,,,,,,,,,,,,,
percentage of articles with immigra* that contain undocumented immigrant,,,,,,,,,,,,,,,,,,,,,,,,,,,,,,,,,,,,,,,,,,,,,,,,,,,,,,,,,,,,,,,,,,,,,,,,,,,,,,,,,,,,,,,,,,,,,,,,,,,,,,,,,,,,,,,,,,,,,,,,,,,,,,,,,,,,,,,,,,,,,,,,,,,,,,,,,,,,,,,,,,,,,,,,,,,,,,,,
,,,,,,,,,,,,,,,,,,,,,,,,,,,,,,,,,,,,,,,,,,,,,,,,,,,,,,,,,,,,,,,,,,,,,,,1,-9,-1,-5,-3,-7,-9,-5,-7,-4,-4,-1,-5,-4,-25,-6,-12,-5,-3,-3,-1,-2,2,1,-2,1,-2,0,-2,-1,4,2,6,-1,6,2,11,7,0,1,0,-3,-4,5,-3,-1,-2,1,2,0,5,-3,-1,-10,1,2,0,4,1,4,-1,3,-3,4,2,3,8,7,-1,8,8,3,7,3,0,3,4,-1,0,1,4,3,-1,-3,3,5,-1,2,-1,-1,0,5,1,-1,1,2,2,7,3,4,7,0,-1,0,1,4
Austin-American Statesman,Date,2006 April,2006 May,2006 June,2006 July,2006 August,2006 September,2006 October,2006 November,2006 December,2007 January,2007 February,2007 March,2007 April,2007 May,2007 June,2007 July,2007 August,2007 September,2007 October,2007 November,2007 December,2008 January,2008 February,2008 March,2008 April,2008 May,2008 June,2008 July,2008 August,2008 September,2008 October,2008 November,2008 December,2009 January,2009 February,2009 March,2009 April,2009 May,2009 June,2009 July,2009 August,2009 September,2009 October,2009 November,2009 December,2010 January,2010 February,2010 March,2010 April,2010 May,2010 June,2010 July,2010 August,2010 September,2010 October,2010 November,2010 December,2011 January,2011 February,2011 March,2011 April,2011 May,2011 June,2011 July,2011 August,2011 September,2011 October,2011 November,2011 December,2011 April,2011 May,,,,,,,,,,,,,,,,,,,,,,,,,,,,,,,,,,,,,,,,,,,,,,,,,,,,,,,,,,,,,,,,,,,,,,,,,,,,,,,,,,,,,,,,,,,,,,,,,,,,,,,,
"""Illegal Immigrant""",,,,,,,,,,,,,,,,,,,,,,,,,,,,,,,,,,,,,,,,,,,,,,,,,,,,,,,,,,,,,,,,,,,,,,,6,9,9,5,3,13,25,7,6,4,2,4,5,13,11,8,7,3,3,4,2,5,5,4,1,0,1,3,0,5,6,4,4,0,4,1,0,4,6,5,1,1,2,4,2,0,1,0,1,0,0,1,1,0,0,3,1,1,1,1,0,1,1,1,2,1,2,3,0,0,2,0,2,1,1,0,0,0,0,0,0,1,1,2,1,1,2,0,1,1,0,0,0,1,3,0,2,1,0,2,5,2,1,2,1,0
"""Undocumented Immigrant""",,,,,,,,,,,,,,,,,,,,,,,,,,,,,,,,,,,,,,,,,,,,,,,,,,,,,,,,,,,,,,,,,,,,,,,2,3,4,1,0,1,3,6,1,3,1,4,1,3,6,6,3,2,1,1,2,1,6,3,3,1,2,0,1,1,7,0,4,2,2,2,0,0,5,3,1,6,2,3,1,1,6,1,2,1,3,1,2,3,5,1,4,6,1,1,3,1,5,0,3,4,3,9,5,9,17,7,3,2,1,5,2,5,2,1,3,4,2,1,3,1,3,3,5,2,0,0,0,0,3,2,1,4,6,4,4,4,2,0,3,0
"articles containing ""immigra* ",,,,,,,,,,,,,,,,,,,,,,,,,,,,,,,,,,,,,,,,,,,,,,,,,,,,,,,,,,,,,,,,,,,,,,,,,,,,,,,,,,,,,,,,,,,,,,,,,,,,,,,,,,,,,,,,,,,,,,,,,,,,,,,,,,,,,,,,,,,,,,,,,,,,,,,,,,,,,,,,,,,,,,,,,,,,,,,,
percentage of articles with immigra* that contain illegal immigrant,,,,,,,,,,,,,,,,,,,,,,,,,,,,,,,,,,,,,,,,,,,,,,,,,,,,,,,,,,,,,,,,,,,,,,,,,,,,,,,,,,,,,,,,,,,,,,,,,,,,,,,,,,,,,,,,,,,,,,,,,,,,,,,,,,,,,,,,,,,,,,,,,,,,,,,,,,,,,,,,,,,,,,,,,,,,,,,,
percentage of articles with immigra* that contain undocumented immigrant,,,,,,,,,,,,,,,,,,,,,,,,,,,,,,,,,,,,,,,,,,,,,,,,,,,,,,,,,,,,,,,,,,,,,,,,,,,,,,,,,,,,,,,,,,,,,,,,,,,,,,,,,,,,,,,,,,,,,,,,,,,,,,,,,,,,,,,,,,,,,,,,,,,,,,,,,,,,,,,,,,,,,,,,,,,,,,,,
,,,,,,,,,,,,,,,,,,,,,,,,,,,,,,,,,,,,,,,,,,,,,,,,,,,,,,,,,,,,,,,,,,,,,,,-4,-6,-5,-4,-3,-12,-22,-1,-5,-1,-1,0,-4,-10,-5,-2,-4,-1,-2,-3,0,-4,1,-1,2,1,1,-3,1,-4,1,-4,0,2,-2,1,0,-4,-1,-2,0,5,0,-1,-1,1,5,1,1,1,3,0,1,3,5,-2,3,5,0,0,3,0,4,-1,1,3,1,6,5,9,15,7,1,1,0,5,2,5,2,1,3,3,1,-1,2,0,1,3,4,1,0,0,0,-1,0,2,-1,3,6,2,-1,2,1,-2,2,0
Star-Tribune,,2006 April,2006 May,2006 June,2006 July,2006 August,2006 September,2006 October,2006 November,2006 December,2007 January,2007 February,2007 March,2007 April,2007 May,2007 June,2007 July,2007 August,2007 September,2007 October,2007 November,2007 December,2008 January,2008 February,2008 March,2008 April,2008 May,2008 June,2008 July,2008 August,2008 September,2008 October,2008 November,2008 December,2009 January,2009 February,2009 March,2009 April,2009 May,2009 June,2009 July,2009 August,2009 September,2009 October,2009 November,2009 December,2010 January,2010 February,2010 March,2010 April,2010 May,2010 June,2010 July,2010 August,2010 September,2010 October,2010 November,2010 December,2011 January,2011 February,2011 March,2011 April,2011 May,2011 June,2011 July,2011 August,2011 September,2011 October,2011 November,2011 December,2011 April,2011 May,,,,,,,,,,,,,,,,,,,,,,,,,,,,,,,,,,,,,,,,,,,,,,,,,,,,,,,,,,,,,,,,,,,,,,,,,,,,,,,,,,,,,,,,,,,,,,,,,,,,,,,,
,,,,,,,,,,,,,,,,,,,,,,,,,,,,,,,,,,,,,,,,,,,,,,,,,,,,,,,,,,,,,,,,,,,,,,,2011 April,2011 May,2011 June,2011 July,2011 August,2011 September,2011 October,2011 November,2011 December,2012 January,2012 February,2012 March,2012 April,2012 May,2012 June,2012 July,2012 August,2012 September,2012 October,2012 November,2012 December,2013 January,2013 February,2013 March,2013 April,2013 May,2013 June,2013 July,2013 August,2013 September,2013 October,2013 November,2013 December,2014 January,2014 February,2014 March,2014 April,2014 May,2014 June,2014 July,2014 August,2014 September,2014 October,2014 November,2014 December,2015 January,2015 February,2015 March,2015 April,2015 May,2015 June,2015 July,2015 August,2015 September,2015 October,2015 November,2015 December,2016 January ,2016 February,2016 March,2016 April,2016 May,2016 June,2016 July,2016 August,2016 September,2016 October,2016 November,2016 December,2017 January,2017 February,2017 March,2017 April,2017 May,2017 June,2017 July,2017 August,2017 September,2017 October,2017 November,2017 December,2018 January,2018 February,2018 March,2018 April,2018 May,2018 June,2018 July,2018 August,2018 September,2018 October,2018 November,2018 December,2019 January,2019 February,2019 March,2019 April,2019 May,2019 June,2019 July,2019 August,2019 September,2019 October,2019 November,2019 December,2020 January
"""Illegal Immigrant""",,,,,,,,,,,,,,,,,,,,,,,,,,,,,,,,,,,,,,,,,,,,,,,,,,,,,,,,,,,,,,,,,,,,,,,2,3,0,0,1,4,5,6,1,1,3,1,2,0,4,1,2,1,1,2,1,0,1,4,5,1,0,3,2,0,1,0,1,0,2,0,2,0,1,4,0,0,0,2,1,2,0,2,0,1,1,3,1,0,1,3,2,1,1,0,2,2,1,2,0,2,1,1,0,2,6,1,1,2,1,2,1,1,0,0,0,0,2,1,3,1,4,1,9,0,3,0,1,2,2,4,0,1,2,1,1,0,1,0,0,0
"""Undocumented Immigrant""",,,,,,,,,,,,,,,,,,,,,,,,,,,,,,,,,,,,,,,,,,,,,,,,,,,,,,,,,,,,,,,,,,,,,,,0,1,0,0,0,0,0,0,0,1,0,0,3,0,3,5,2,3,2,4,4,4,1,4,6,3,2,3,2,1,3,4,1,0,4,1,1,1,3,1,2,0,1,7,1,2,1,3,1,0,1,0,1,1,2,3,0,1,3,5,0,3,0,2,1,1,2,6,2,5,11,8,1,4,8,0,3,10,3,2,2,6,3,4,0,1,1,4,2,1,2,2,1,3,2,2,1,5,7,1,0,1,0,0,1,2
"articles containing ""immigra* ",,,,,,,,,,,,,,,,,,,,,,,,,,,,,,,,,,,,,,,,,,,,,,,,,,,,,,,,,,,,,,,,,,,,,,,,,,,,,,,,,,,,,,,,,,,,,,,,,,,,,,,,,,,,,,,,,,,,,,,,,,,,,,,,,,,,,,,,,,,,,,,,,,,,,,,,,,,,,,,,,,,,,,,,,,,,,,,,
percentage of articles with immigra* that contain illegal immigrant,,,,,,,,,,,,,,,,,,,,,,,,,,,,,,,,,,,,,,,,,,,,,,,,,,,,,,,,,,,,,,,,,,,,,,,,,,,,,,,,,,,,,,,,,,,,,,,,,,,,,,,,,,,,,,,,,,,,,,,,,,,,,,,,,,,,,,,,,,,,,,,,,,,,,,,,,,,,,,,,,,,,,,,,,,,,,,,,
percentage of articles with immigra* that contain undocumented immigrant,,,,,,,,,,,,,,,,,,,,,,,,,,,,,,,,,,,,,,,,,,,,,,,,,,,,,,,,,,,,,,,,,,,,,,,,,,,,,,,,,,,,,,,,,,,,,,,,,,,,,,,,,,,,,,,,,,,,,,,,,,,,,,,,,,,,,,,,,,,,,,,,,,,,,,,,,,,,,,,,,,,,,,,,,,,,,,,,
,,,,,,,,,,,,,,,,,,,,,,,,,,,,,,,,,,,,,,,,,,,,,,,,,,,,,,,,,,,,,,,,,,,,,,,,,,,,,,,,,,,,,,,,,,,,,,,,,,,,,,,,,,,,,,,,,,,,,,,,,,,,,,,,,,,,,,,,,,,,,,,,,,,,,,,,,,,,,,,,,,,,,,,,,,,,,,,,
,,,,,,,,,,,,,,,,,,,,,,,,,,,,,,,,,,,,,,,,,,,,,,,,,,,,,,,,,,,,,,,,,,,,,,,,,,,,,,,,,,,,,,,,,,,,,,,,,,,,,,,,,,,,,,,,,,,,,,,,,,,,,,,,,,,,,,,,,,,,,,,,,,,,,,,,,,,,,,,,,,,,,,,,,,,,,,,,
,,,,,,,,,,,,,,,,,,,,,,,,,,,,,,,,,,,,,,,,,,,,,,,,,,,,,,,,,,,,,,,,,,,,,,,,,,,,,,,,,,,,,,,,,,,,,,,,,,,,,,,,,,,,,,,,,,,,,,,,,,,,,,Ratio of before to after,,Ratio of illegal to undocumented,,,,,,,,,,,,,,,,,,,,,,,,,,,,,,,,,,,,,,,,,,,,,,,,
,,,,,,,,,,,,,,,,,,,,,,,,,,,,,,,,,,,,,,,,,,,,,,,,,,,,,,,,,,,,,,,,,,,,,,,,,,,,,,,,,,,,,,,,,,,,,,,,,,,,,,,,,,,,,,,,,,,,,,,,,,,"WSJ Times Before April""illegal"")",,,#REF!,#REF!,Before,#REF!,,,,,,,,,,,,,,,,,,,,,,,,,,,,,,,,,,,,,,,,,,,,,,,
,,,,,,,,,,,,,,,,,,,,,,,,,,,,,,,,,,,,,,,,,,,,,,,,,,,,,,,,,,,,,,,,,,,,,,,,,,,,,,,,,,,,,,,,,,,,,,,,,,,,,,,,,,,,,,,,,,,,,,,,,,,2015 August,2015 September,2015 October,2015 November,2015 December,2016 January ,2016 February,,,,,,,,,,,,,,,,,,,,,,,,,,,,,,,,,,,,,,,,,,,,,,,
,,,,,,,,,,,,,,,,,,,,,,,,,,,,,,,,,,,,,,,,,,,,,,,,,,,,,,,,,,,,,,,,,,,,,,,,,,,,,,,,,,,,,,,,,,,,,,,,,,,,,,,,,,,,,,,,,,,,,,,,,,,"WSJ Times Before April"" undocumented",,,163,2.963636364,,,,,,,,,,,,,,,,,,,,,,,,,,,,,,,,,,,,,,,,,,,,,,,,,
,,,,,,,,,,,,,,,,,,,,,,,,,,,,,,,,,,,,,,,,,,,,,,,,,,,,,,,,,,,,,,,,,,,,,,,,,,,,,,,,,,,,,,,,,,,,,,,,,,,,,,,,,,,,,,,,,,,,,,,,,,,WSJ Times after April undocumented,,,55,,,,,,,,,,,,,,,,,,,,,,,,,,,,,,,,,,,,,,,,,,,,,,,,,,
,,,,,,,,,,,,,,,,,,,,,,,,,,,,,,,,,,,,,,,,,,,,,,,,,,,,,,,,,,,,,,,,,,,,,,,,,,,,,,,,,,,,,,,,,,,,,,,,,,,,,,,,,,,,,,,,,,,,,,,,,,,,,,,,,,,,,,,,,,,,,,,,,,,,,,,,,,,,,,,,,,,,,,,,,,,,,,,,
,,,,,,,,,,,,,,,,,,,,,,,,,,,,,,,,,,,,,,,,,,,,,,,,,,,,,,,,,,,,,,,,,,,,,,,,,,,,,,,,,,,,,,,,,,,,,,,,,,,,,,,,,,,,,,,,,,,,,,,,,,,2015 August,2015 September,2015 October,2015 November,2015 December,2016 January ,2016 February,,,,,,,,,,,,,,,,,,,,,,,,,,,,,,,,,,,,,,,,,,,,,,,
,,,,,,,,,,,,,,,,,,,,,,,,,,,,,,,,,,,,,,,,,,,,,,,,,,,,,,,,,,,,,,,,,,,,,,,,,,,,,,,,,,,,,,,,,,,,,,,,,,,,,,,,,,,,,,,,,,,,,,,,,,,,,,,After,1.278481013,,,,,,,,,,,,,,,,,,,,,,,,,,,,,,,,,,,,,,,,,,,,,,,,
,,,,,,,,,,,,,,,,,,,,,,,,,,,,,,,,,,,,,,,,,,,,,,,,,,,,,,,,,,,,,,,,,,,,,,,,,,,,,,,,,,,,,,,,,,,,,,,,,,,,,,,,,,,,,,,,,,,,,,,,,,,"NY Times Before April ""undocumented""",,,3.128712871,,,,,,,,,,,,,,,,,,,,,,,,,,,,,,,,,,,,,,,,,,,,,,,,,,
,,,,,,,,,,,,,,,,,,,,,,,,,,,,,,,,,,,,,,,,,,,,,,,,,,,,,,,,,,,,,,,,,,,,,,,,,,,,,,,,,,,,,,,,,,,,,,,,,,,,,,,,,,,,,,,,,,,,,,,,,,,,,,,,,,,,,,,,,,,,,,,,,,,,,,,,,,,,,,,,,,,,,,,,,,,,,,,,
,,,,,,,,,,,,,,,,,,,,,,,,,,,,,,,,,,,,,,,,,,,,,,,,,,,,,,,,,,,,,,,,,,,,,,,,,,,,,,,,,,,,,,,,,,,,,,,,,,,,,,,,,,,,,,,,,,,,,,,,,,,,,,,,,,,,,,,,,,,,,,,,,,,,,,,,,,,,,,,,,,,,,,,,,,,,,,,,
,,,,,,,,,,,,,,,,,,,,,,,,,,,,,,,,,,,,,,,,,,,,,,,,,,,,,,,,,,,,,,,,,,,,,,,,,,,,,,,,,,,,,,,,,,,,,,,,,,,,,,,,,,,,,,,,,,,,,,,,,,,2015 August,2015 September,2015 October,2015 November,2015 December,2016 January ,2016 February,,,,,,,,,,,,,,,,,,,,,,,,,,,,,,,,,,,,,,,,,,,,,,,
,,,,,,,,,,,,,,,,,,,,,,,,,,,,,,,,,,,,,,,,,,,,,,,,,,,,,,,,,,,,,,,,,,,,,,,,,,,,,,,,,,,,,,,,,,,,,,,,,,,,,,,,,,,,,,,,,,,,,,,,,,,"LA Times Before April ""undocumented""",,,1.87755102,,,,,,,,,,,,,,,,,,,,,,,,,,,,,,,,,,,,,,,,,,,,,,,,,,
,,,,,,,,,,,,,,,,,,,,,,,,,,,,,,,,,,,,,,,,,,,,,,,,,,,,,,,,,,,,,,,,,,,,,,,,,,,,,,,,,,,,,,,,,,,,,,,,,,,,,,,,,,,,,,,,,,,,,,,,,,,,,,,,,,,,,,,,,,,,,,,,,,,,,,,,,,,,,,,,,,,,,,,,,,,,,,,,
,,,,,,,,,,,,,,,,,,,,,,,,,,,,,,,,,,,,,,,,,,,,,,,,,,,,,,,,,,,,,,,,,,,,,,,,,,,,,,,,,,,,,,,,,,,,,,,,,,,,,,,,,,,,,,,,,,,,,,,,,,,"WSJ  Before April""illegal"")",,,0.82791587,Before,4.245098039,,,,,,,,,,,,,,,,,,,,,,,,,,,,,,,,,,,,,,,,,,,,,,,,
,,,,,,,,,,,,,,,,,,,,,,,,,,,,,,,,,,,,,,,,,,,,,,,,,,,,,,,,,,,,,,,,,,,,,,,,,,,,,,,,,,,,,,,,,,,,,,,,,,,,,,,,,,,,,,,,,,,,,,,,,,,,,,,After,3.005747126,,,,,,,,,,,,,,,,,,,,,,,,,,,,,,,,,,,,,,,,,,,,,,,,
,,,,,,,,,,,,,,,,,,,,,,,,,,,,,,,,,,,,,,,,,,,,,,,,,,,,,,,,,,,,,,,,,,,,,,,,,,,,,,,,,,,,,,,,,,,,,,,,,,,,,,,,,,,,,,,,,,,,,,,,,,,,,,,,,,,,,,,,,,,,,,,,,,,,,,,,,,,,,,,,,,,,,,,,,,,,,,,,
,,,,,,,,,,,,,,,,,,,,,,,,,,,,,,,,,,,,,,,,,,,,,,,,,,,,,,,,,,,,,,,,,,,,,,,,,,,,,,,,,,,,,,,,,,,,,,,,,,,,,,,,,,,,,,,,,,,,,,,,,,,,,,,,,,,,,,,,,,,,,,,,,,,,,,,,,,,,,,,,,,,,,,,,,,,,,,,,
,,,,,,,,,,,,,,,,,,,,,,,,,,,,,,,,,,,,,,,,,,,,,,,,,,,,,,,,,,,,,,,,,,,,,,,,,,,,,,,,,,,,,,,,,,,,,,,,,,,,,,,,,,,,,,,,,,,,,,,,,,,,,,,,,,,,,,,,,,,,,,,,,,,,,,,,,,,,,,,,,,,,,,,,,,,,,,,,
,,,,,,,,,,,,,,,,,,,,,,,,,,,,,,,,,,,,,,,,,,,,,,,,,,,,,,,,,,,,,,,,,,,,,,,,,,,,,,,,,,,,,,,,,,,,,,,,,,,,,,,,,,,,,,,,,,,,,,,,,,,"WSJ Times Before April""illegal"")",,,310,#VALUE!,Before,4.078947368,,,,,,,,,,,,,,,,,,,,,,,,,,,,,,,,,,,,,,,,,,,,,,,
,,,,,,,,,,,,,,,,,,,,,,,,,,,,,,,,,,,,,,,,,,,,,,,,,,,,,,,,,,,,,,,,,,,,,,,,,,,,,,,,,,,,,,,,,,,,,,,,,,,,,,,,,,,,,,,,,,,,,,,,,,,2015 August,2015 September,2015 October,2015 November,2015 December,2016 January ,2016 February,,,,,,,,,,,,,,,,,,,,,,,,,,,,,,,,,,,,,,,,,,,,,,,
,,,,,,,,,,,,,,,,,,,,,,,,,,,,,,,,,,,,,,,,,,,,,,,,,,,,,,,,,,,,,,,,,,,,,,,,,,,,,,,,,,,,,,,,,,,,,,,,,,,,,,,,,,,,,,,,,,,,,,,,,,,"WSJ Times Before April"" undocumented",,,76,0.62295082,,,,,,,,,,,,,,,,,,,,,,,,,,,,,,,,,,,,,,,,,,,,,,,,,
,,,,,,,,,,,,,,,,,,,,,,,,,,,,,,,,,,,,,,,,,,,,,,,,,,,,,,,,,,,,,,,,,,,,,,,,,,,,,,,,,,,,,,,,,,,,,,,,,,,,,,,,,,,,,,,,,,,,,,,,,,,WSJ Times after April undocumented,,,122,,,,,,,,,,,,,,,,,,,,,,,,,,,,,,,,,,,,,,,,,,,,,,,,,,